{"B": 247.23187218094344, "R": 246.69901735938993, "G": 244.6181001366023}