{"R": 243.84565778459822, "B": 238.24618156715266, "G": 233.56623161155474}